<?xml version="1.0" encoding="utf-8"?>
<extension version="3.1" type="plugin" group="content" method="upgrade">
	<name>Short Codes</name>
	<author>@Javi_Mata</author>
	<creationDate>Febrero 2017</creationDate>
	<copyright>Copyright (C) 2005 - 2016 Open Source Matters. All rights reserved.</copyright>
	<license>GNU General Public License version 2 or later; see LICENSE.txt</license>
	<authorEmail>javimata@gmail.com</authorEmail>
	<authorUrl>www.javimata.com</authorUrl>
	<version>1.0.0</version>
	<description>SHORTCODES REPLACES</description>
	<files>
		<filename plugin="shortcodes">shortcodes.php</filename>
	</files>
	<config>
		<fields name="params">
		</fields>
	</config>
</extension>
