<?xml version="1.0" encoding="utf-8"?>
<extension type="module" version="3.0" position="status" method="upgrade">
	<name>Headers</name>
	<author>@Javi_Mata</author>
	<creationDate>September 2014</creationDate>
	<copyright>Copyright (C) 2014 - All rights reserved.</copyright>
	<license>http://www.gnu.org/licenses/gpl-2.0.html GNU/GPL</license>
	<authorEmail>javimata@gmail.com</authorEmail>
	<authorUrl>www.javimata.com</authorUrl>
	<version>1.0.1</version>
	<description><![CDATA[Headers adaptables]]></description>

	<files>
		<filename module="mod_headers">mod_headers.php</filename>
		<filename module="mod_headers">css/style.css</filename>
		<folder>tmpl</folder>
	</files>

	<config>
		<fields name="params">
			<fieldset name="basic">

				<field name="id-div" type="text" default="" label="ID css" description="ID del DIV contenedor" />
				<field name="posicion" type="text" default="relative" label="Position" description="Contenido de etiqueta Position del contenedor" />

				<field name="texto" type="editor" filter="safehtml" default="" label="Texto" description="Texto a agregar despues del titulo" />

				<field name="imagen" type="media" directory="" description="Imagen de fondo" />

				<field name="ancho" type="text" default="100%" label="Ancho" description="Ancho del contenedor" />
				<field name="alto" type="text" default="" label="Alto" description="Alto del contenedor" />
				<field name="overflow" type="text" default="" label="Overflow" description="Contenido de etiqueta Overflow del contenedor" />

				<field name="background-size" type="text" default="cover" label="Tamaño del fondo" description="Contenido de etiqueta Background-size" />
				<field name="background-attachment" type="text" default="" label="Imagen Attachment" description="Contenido de etiqueta background-attachment" />

				<field name="repetir-imagen" type="list" default="repeat" label="Repetir imagen" description="">
				  <option value="repeat">Repetir</option>
				  <option value="repeat-x">Repetir X</option>
				  <option value="repeat-y">Repetir Y</option>
				  <option value="no-repeat">No Repetir</option>
				</field>

				<field name="posicion-imagen" type="text" default="center" label="Posicion de la imagen" description="Contenido de etiqueta Background-position ( ej: top center )" />

				<field name="customcode" type="textarea" filter="raw" default="" label="Custom PHP" />

				<field name="layout" type="modulelayout" label="JFIELD_ALT_LAYOUT_LABEL" description="JFIELD_ALT_MODULE_LAYOUT_DESC" />

			</fieldset>
		</fields>

	</config>
</extension>