<?xml version="1.0" encoding="utf-8"?>
<extension version="3.1" type="plugin" group="search" method="upgrade">
	<name>Buscador de catalogo</name>
	<author>@Javi_Mata</author>
	<creationDate>February 2016</creationDate>
	<copyright>Copyright (C) 2005 - 2016 Open Source Matters. All rights reserved.</copyright>
	<license>GNU General Public License version 2 or later; see LICENSE.txt</license>
	<authorEmail>javimata@gmail.com</authorEmail>
	<authorUrl>www.javimata.com</authorUrl>
	<version>1.0.0</version>
	<description>Buscador de componente Catalogo</description>
	<files>
		<filename plugin="content">catalogo.php</filename>
	</files>
	<languages>
		<language tag="en-GB">en-GB.plg_search_content.ini</language>
		<language tag="en-GB">en-GB.plg_search_content.sys.ini</language>
	</languages>
	<config>
		<fields name="params">
			<fieldset name="basic">
				<field name="search_limit" type="text"
					default="50"
					description="PLG_SEARCH_CONTENT_FIELD_SEARCHLIMIT_DESC"
					label="PLG_SEARCH_CONTENT_FIELD_SEARCHLIMIT_LABEL"
					size="5"
				/>

				<field name="search_content" type="radio"
					class="btn-group btn-group-yesno"
					default="0"
					description="PLG_SEARCH_CONTENT_FIELD_CONTENT_DESC"
					label="PLG_SEARCH_CONTENT_FIELD_CONTENT_LABEL"
				>
					<option value="1">JON</option>
					<option value="0">JOFF</option>
				</field>

				<field name="search_archived" type="radio"
					class="btn-group btn-group-yesno"
					default="0"
					description="PLG_SEARCH_CONTENT_FIELD_ARCHIVED_DESC"
					label="PLG_SEARCH_CONTENT_FIELD_ARCHIVED_LABEL"
				>
					<option value="1">JON</option>
					<option value="0">JOFF</option>
				</field>
			</fieldset>

		</fields>
	</config>
</extension>
